{
    "DDoS-ICMP_Flood":{
        "IAT":83152343.0071850717,
        "Header_Length":481.5493114795,
        "Covariance":685.5654377418,
        "Rate":11349.9100748064,
        "Srate":11349.9100748064,
        "Tot sum":450.4041442969,
        "Max":46.0277677291,
        "rst_count":0.3576879866,
        "flow_duration":0.0183294282,
        "Tot size":42.8890712688
    },
    "DDoS-UDP_Flood":{
        "IAT":83112939.8928557038,
        "Header_Length":25199.8579663323,
        "Covariance":711.770338213,
        "Rate":17820.757500495,
        "Srate":17820.757500495,
        "Tot sum":534.4717913458,
        "Max":55.0753581262,
        "rst_count":0.2757470399,
        "flow_duration":0.6095987268,
        "Tot size":50.9046979736
    },
    "DDoS-TCP_Flood":{
        "IAT":83052210.4124532938,
        "Header_Length":163.0550213198,
        "Covariance":648.2143764863,
        "Rate":6299.636161899,
        "Srate":6299.636161899,
        "Tot sum":599.8020922674,
        "Max":60.8962972028,
        "rst_count":0.1070623542,
        "flow_duration":0.6311654169,
        "Tot size":57.1233938407
    },
    "DDoS-PSHACK_Flood":{
        "IAT":83319668.5914674997,
        "Header_Length":151.1263522293,
        "Covariance":324.3901048016,
        "Rate":5517.0042102419,
        "Srate":5517.0042102419,
        "Tot sum":571.9906285355,
        "Max":56.8978660097,
        "rst_count":1.1008229887,
        "flow_duration":0.5878811638,
        "Tot size":54.4752321615
    },
    "DDoS-RSTFINFlood":{
        "IAT":83348220.3218503743,
        "Header_Length":702.4161351417,
        "Covariance":1063.0094447116,
        "Rate":10264.0836424513,
        "Srate":10264.0836424513,
        "Tot sum":576.7520483846,
        "Max":59.0286707777,
        "rst_count":0.4577959945,
        "flow_duration":0.0685330324,
        "Tot size":54.9484734768
    },
    "DDoS-SYN_Flood":{
        "IAT":83097347.0195752978,
        "Header_Length":192.0843386211,
        "Covariance":1178.5477735905,
        "Rate":2718.0719022664,
        "Srate":2718.0719022664,
        "Tot sum":592.946721333,
        "Max":61.5804150863,
        "rst_count":0.1727371697,
        "flow_duration":0.1558318631,
        "Tot size":56.4414192692
    },
    "DDoS-SynonymousIP_Flood":{
        "IAT":83360158.1788827032,
        "Header_Length":276.4624174625,
        "Covariance":437.9369826365,
        "Rate":2358.3601817016,
        "Srate":2358.3601817016,
        "Tot sum":573.4849483529,
        "Max":57.3172594144,
        "rst_count":0.1379319567,
        "flow_duration":1.4677699765,
        "Tot size":54.6249587918
    },
    "DoS-UDP_Flood":{
        "IAT":83005684.4751073271,
        "Header_Length":19607.290951434,
        "Covariance":2372.7595565924,
        "Rate":19857.6851393028,
        "Srate":19857.6851393028,
        "Tot sum":829.2781350979,
        "Max":91.2439935895,
        "rst_count":0.7004196855,
        "flow_duration":0.3282937613,
        "Tot size":79.0138482739
    },
    "DoS-TCP_Flood":{
        "IAT":82919880.5721813887,
        "Header_Length":2655.8917355944,
        "Covariance":2786.2572324085,
        "Rate":7696.6507029956,
        "Srate":7696.6507029956,
        "Tot sum":599.3865658035,
        "Max":67.7617446697,
        "rst_count":1.6947191424,
        "flow_duration":2.5950241278,
        "Tot size":57.1649996944
    },
    "DoS-SYN_Flood":{
        "IAT":82947407.2676774561,
        "Header_Length":2793.0245646195,
        "Covariance":1892.2237081475,
        "Rate":1874.5864290516,
        "Srate":1874.5864290516,
        "Tot sum":593.5024743828,
        "Max":66.6252464722,
        "rst_count":0.6156226762,
        "flow_duration":3.2177812349,
        "Tot size":56.5687460019
    }
}